{
    "RequestVehicle": [
        {
            "coords": [462.78, -1019.56, 28.11, 93.1277],
            "spawn": [448.5401, -1019.9636, 28.4904, 90.2126]
        }
    ],
    "ModifyVehicle": [
        {
            "coords": [464.32, -1015.06, 28.08, 95.3]
        }
    ],
    "SaveVehicle": [
        {
            "coords": [447.2794, -996.3189, 25.7737, 187.8737]
        }
    ],
    "RequestBoat": [
        {
            "coords": [-806.1143, -1496.8118, 1.5952, 115.5233],
            "spawn": [-812.5518, -1506.1417, -0.4746, 115.5076]
        }
    ],
    "SaveBoat": [
        {
            "coords": [0.0, 0.0, 0.0, 0.0]
        }
    ],
    "SaveHelicopter": [
        {
            "coords": [449.1473, -981.2369, 43.6917, 91.0039]
        }
    ],
    "RequestHelicopter": [
        {
            "coords": [462.0117, -980.8673, 43.6919, 101.6045],
            "spawn": [449.1975, -981.1873, 43.6917, 93.1405]
        }
    ],
    "DressingRoom": [
        {
            "coords": [461.44, -999.06, 30.69, 182.7511]
        }
    ],
    "Inventory/Armoury": [
        {
            "coords": [482.57, -995.49, 30.69, 180.6878]
        }
    ],
    "EvidenceReport": [
        {
            "coords": [483.79, -987.83, 30.69, 26.2042]
        }
    ],
    "Duty": [
        {
            "coords": [474.21, -1007.55, 26.27, 81.4367]
        }
    ],
    "Finger": [
        {
            "coords": [473.94, -1013.23, 26.27, 84.1571]
        }
    ],
    "CriminalClothes": [
        {
            "coords": [474.21, -1007.55, 26.27, 81.4367]
        }
    ],
    "Pertenences": [
        {
            "coords": [472.34, -1007.64, 26.27, 272.0828]
        }
    ],
    "ConfiscatedVehicles": [
        {
            "coords": [409.3174, -1624.594, 29.29196, 108.6248]
        }
    ],
    "BillsNPC": [
        {
            "coords": [442.7472, -981.85, 30.678, 82.204]
        }
    ],
    "SpawnConfiscatedVehicles": [
        {
            "coords": [409.5048, -1647.073, 28.86818, 228.1654]
        }
    ]
}