{
    "RequestVehicle": [
        {
            "coords": [458.4270, -1017.1391, 28.2215, 84.4001],
            "spawn": [447.1505, -1020.149, 28.12257, 90.03187]
        }
    ],
    "ModifyVehicle": [
        {
            "coords": [464.32, -1015.06, 28.08, 95.3]
        }
    ],
    "SaveVehicle": [
        {
            "coords": [452.4979, -997.3712, 25.36519, 358.7053]
        }
    ],
    "RequestBoat": [
        {
            "coords": [-806.1143, -1496.8118, 1.5952, 115.5233],
            "spawn": [-812.5518, -1506.1417, -0.4746, 115.5076]
        }
    ],
    "SaveBoat": [
        {
            "coords": [0.0, 0.0, 0.0, 0.0]
        }
    ],
    "SaveHelicopter": [
        {
            "coords": [450.3414, -981.1841, 44.08087, 90.46799]
        }
    ],
    "RequestHelicopter": [
        {
            "coords": [462.9686, -982.4228, 43.69191, 270.3891],
            "spawn": [450.3414, -981.1841, 44.08087, 90.46799]
        }
    ],
    "DressingRoom": [
        {
            "coords": [0,0,0,0]
        }
    ],
    "Inventory/Armoury": [
        {
            "coords": [484.4527, -1002.0518, 25.7346, 179.2049]
        }
    ],
    "EvidenceReport": [
        {
            "coords": [443.5212, -991.9008, 30.6893, 86.0289]
        }
    ],
    "Duty": [
        {
            "coords": [444.9799, -988.2692, 30.6893, 261.7541]
        }
    ],
    "Finger": [
        {
            "coords": [438.7228, -992.4669, 30.6893, 89.5999]
        }
    ],
    "CriminalClothes": [
        {
            "coords": [1,1,1,1]
        }
    ],
    "Pertenences": [
        {
            "coords": [470.6494, -988.3376, 25.7347, 80.3453]
        }
    ],
    "ConfiscatedVehicles": [
        {
            "coords": [447.5972, -997.2652, 25.36676, 359.0272]
        }
    ],
    "BillsNPC": [
        {
            "coords": [441.0319, -978.8373, 30.68961, 178.8227]
        }
    ],
    "SpawnConfiscatedVehicles": [
        {
            "coords": [409.5048, -1647.073, 28.86818, 228.1654]
        }
    ]
}