{
    "RequestVehicle": [
        {
            "coords": [464.2327, -1019.849, 28.09877, 267.6442],
            "spawn": [447.1505, -1020.149, 28.12257, 90.03187]
        }
    ],
    "ModifyVehicle": [
        {
            "coords": [464.32, -1015.06, 28.08, 95.3]
        }
    ],
    "SaveVehicle": [
        {
            "coords": [452.4979, -997.3712, 25.36519, 358.7053]
        }
    ],
    "RequestBoat": [
        {
            "coords": [-806.1143, -1496.8118, 1.5952, 115.5233],
            "spawn": [-812.5518, -1506.1417, -0.4746, 115.5076]
        }
    ],
    "SaveBoat": [
        {
            "coords": [0.0, 0.0, 0.0, 0.0]
        }
    ],
    "SaveHelicopter": [
        {
            "coords": [450.3414, -981.1841, 44.08087, 90.46799]
        }
    ],
    "RequestHelicopter": [
        {
            "coords": [462.9686, -982.4228, 43.69191, 270.3891],
            "spawn": [450.3414, -981.1841, 44.08087, 90.46799]
        }
    ],
    "DressingRoom": [
        {
            "coords": [454.4971, -991.1243, 30.68957, 1.739236]
        }
    ],
    "Inventory/Armoury": [
        {
            "coords": [456.5229, -982.6844, 30.68962, 181.191]
        }
    ],
    "EvidenceReport": [
        {
            "coords": [439.036, -995.649, 30.68962, 100.0276]
        }
    ],
    "Duty": [
        {
            "coords": [441.153, -975.723, 30.68961, 3.099722]
        }
    ],
    "Finger": [
        {
            "coords": [439.172, -993.1715, 30.68962, 92.92513]
        }
    ],
    "CriminalClothes": [
        {
            "coords": [465.0069, -991.9688, 24.91488, 337.3178]
        }
    ],
    "Pertenences": [
        {
            "coords": [462.6111, -991.8199, 24.91488, 164.5766]
        }
    ],
    "ConfiscatedVehicles": [
        {
            "coords": [447.5972, -997.2652, 25.36676, 359.0272]
        }
    ],
    "BillsNPC": [
        {
            "coords": [441.0319, -978.8373, 30.68961, 178.8227]
        }
    ],
    "SpawnConfiscatedVehicles": [
        {
            "coords": [409.5048, -1647.073, 28.86818, 228.1654]
        }
    ]
}